Name,Birthday Season,Birthday Day,Lives In,Address,Family,Marriage,Clinic Visit,Loved Gifts,Liked Gifts,Neutral Gifts,Disliked Gifts,Hated Gifts
Abigail,Fall,13,Pelican Town,Pierre's General Store,"['Pierre', 'Caroline']",Yes,Spring 4,"['All Universal Loves', 'Amethyst', 'Banana Pudding', 'Blackberry Cobbler', 'Chocolate Cake', 'Monster Compendium', 'Pufferfish', 'Pumpkin', 'Spicy Eel']","['All Universal Likes (except Vegetables)', 'Ancient Sword', 'Basilisk Paw', 'Bone Flute', 'Combat Quarterly', 'Quartz']","['All Universal Neutrals (except Combat Quarterly & Monster Compendium)All Milk', 'Chanterelle', 'Common Mushroom', 'Daffodil', 'Dandelion', 'Ginger', 'Hazelnut', 'Leek', 'Magma Cap', 'Morel', 'Purple Mushroom', 'Snow Yam', 'Winter Root']","['All Universal Dislikes (except Ancient Sword, Basilisk Paw, Bone Flute, Clay & Pufferfish)All Eggs*All Fruit (except Fruit Tree Fruit)All Vegetables (except Hops, Pumpkin, Tea Leaves, & Wheat)', 'Sugar', 'Wild Horseradish']","['All Universal Hates (except Sugar)', 'Clay', 'Holly']"
Alex,Summer,13,Pelican Town,1 River Road,"['Evelyn', 'George']",Yes,Summer 16,"['All Universal Loves', 'Complete Breakfast', 'Jack Be Nimble, Jack Be Thick', 'Salmon Dinner']","['All Universal LikesAll Eggs (except Void Egg)*', 'Dinosaur Egg', 'Field Snack', 'Parrot Egg']","['All Universal Neutrals (except Books)All Fruit (except Fruit Tree Fruit & Salmonberry)All Milk', 'Chanterelle', 'Common Mushroom', 'Daffodil', 'Dandelion', 'Frog Egg', 'Ginger', 'Hazelnut', 'Leek', 'Magma Cap', 'Morel', 'Purple Mushroom', 'Snow Yam', 'Winter Root']","['All Universal Dislikes (except Dinosaur Egg, Frog Egg, & Parrot Egg)All Books (except Jack Be Nimble, Jack Be Thick)', 'Salmonberry', 'Wild Horseradish']","['All Universal Hates', 'Holly', 'Quartz']"
Caroline,Winter,7,Pelican Town,Pierre's General Store,"['Pierre', 'Abigail']",No,Fall 25,"['All Universal Loves', 'Fish Taco', 'Green Tea', 'Summer Spangle', 'Tropical Curry']","['All Universal Likes (except Amaranth, Duck Mayonnaise, & Mayonnaise)', 'Daffodil', 'Tea Leaves', 'Wild Horseradish']",['All Universal Neutrals (except Tea Leaves)All Eggs (except Void Egg)*All Fruit (except pre-1.5 Fruit Tree Fruit & Salmonberry)All Milk'],"['All Universal Dislikes', 'Amaranth', 'Chanterelle', 'Common Mushroom', 'Dandelion', 'Duck Mayonnaise', 'Ginger', 'Hazelnut', 'Holly', 'Leek', 'Magma Cap', 'Mayonnaise', 'Morel', 'Purple Mushroom', 'Snow Yam', 'Winter Root']","['All Universal Hates', 'Quartz', 'Salmonberry']"
Clint,Winter,26,Pelican Town,Blacksmith,[],No,Winter 16,"['All Universal Loves', 'Amethyst', 'Aquamarine', 'Artichoke Dip', 'Emerald', 'Fiddlehead Risotto', 'Gold Bar', 'Iridium Bar', 'Jade', 'Omni Geode', 'Ruby', 'Topaz']","['All Universal Likes (except Flowers)', 'Copper Bar', 'Iron Bar', 'Mining Monthly']","['All Universal Neutrals (except Clam)All Eggs (except Void Egg)*All Fruit (except Fruit Tree Fruit & Salmonberry)All Milk', 'Chanterelle', 'Common Mushroom', 'Coal', 'Daffodil', 'Dandelion', 'Ginger', 'Gold Ore', 'Hazelnut', 'Iridium Ore', 'Leek', 'Magma Cap', 'Morel', 'Purple Mushroom', 'Refined Quartz', 'Snow Yam', 'Winter Root', 'Jack Be Nimble, Jack Be Thick']","['All Universal Dislikes (except Coal, Copper Bar, Gold Bar, Gold Ore, Iridium Bar, Iridium Ore, Iron Bar, Omni Geode, & Refined Quartz)All Flowers (except Poppy)', 'Clam', 'Quartz', 'Salmonberry', 'Wild Horseradish']","['All Universal Hates', 'Holly']"
Demetrius,Summer,19,The Mountain,24 Mountain Road,"['Robin', 'Maru', 'Sebastian']",No,Summer 25,"['All Universal Loves', 'Bean Hotpot', 'Ice Cream', 'Rice Pudding', 'Strawberry']","['All Universal LikesAll Eggs (except Void Egg)*All Fruit (except Strawberry)', 'Dinosaur Egg', 'Purple Mushroom']","['All Universal NeutralsAll Fish (except Carp & Snail)All Milk', 'Chanterelle', 'Common Mushroom', 'Daffodil', 'Dandelion', 'Ginger', 'Hazelnut', 'Leek', 'Magma Cap', 'Morel', 'Snow Yam', 'Wild Horseradish', 'Winter Root']","['All Universal Dislikes (except Fish)', 'Quartz']","['All Universal Hates', 'Holly']"
Dwarf,Summer,22,The Mines,Eastern Cave,[],No,Never,"['Dwarvish Safety Manual', 'Big Stone Chest (Recipe)', 'Life Elixir', 'Oil of Garlic', 'Cherry Bomb', 'Bomb', 'Mega Bomb', ""Miner's Treat"", 'Rarecrow #6', 'Stone Cairn', 'Weathered Floor Recipe']","['All Universal Loves', 'Amethyst', 'Aquamarine', 'Emerald', 'Jade', 'Lava Eel', 'Lemon Stone', 'Omni Geode', 'Ruby', 'Topaz']","['All Universal LikesAll Artifacts', 'Cave Carrot', 'Quartz']","['All Universal NeutralsAll Fruit (except Fruit Tree fruit & Salmonberry)All Milk', 'Solar Essence', 'Void Essence']","['All Universal Dislikes (except Artifacts, Cave Carrot, Lemon Stone, Omni Geode, Solar Essence, & Void Essence)All Eggs*', 'Chanterelle', 'Common Mushroom', 'Daffodil', 'Dandelion', 'Ginger', 'Hazelnut', 'Holly', 'Leek', 'Magma Cap', 'Morel', 'Purple Mushroom', 'Salmonberry', 'Snow Yam', 'Wild Horseradish', 'Winter Root']"
Elliott,Fall,5,The Beach,Elliott's Cabin,[],Yes,Summer 9,"['All Universal Loves', 'Crab Cakes', 'Duck Feather', 'Lobster', 'Pomegranate', 'Squid Ink', 'Tom Kha Soup']","['All Universal Likes (except Amaranth, Pizza, & Rainbow Shell)All BooksAll Fruit (except Pomegranate & Salmonberry)', 'Octopus', 'Squid']","['All Universal Neutrals (except Books, Duck Feather, & Squid Ink)All Eggs (except Void Egg)*All Fish (except Carp, Lobster, Octopus, Sea Cucumber, Snail, & Squid)', 'Rainbow Shell', 'Sea Urchin']","['All Universal Dislikes (except Fish)All Milk', 'Chanterelle', 'Common Mushroom', 'Daffodil', 'Dandelion', 'Ginger', 'Hazelnut', 'Holly', 'Leek', 'Magma Cap', 'Morel', 'Pizza', 'Purple Mushroom', 'Snow Yam', 'Wild Horseradish', 'Winter Root']","['All Universal Hates (except Sea Urchin)', 'Amaranth', 'Quartz', 'Salmonberry', 'Sea Cucumber*', 'Super Cucumber*']"
Emily,Spring,27,Pelican Town,2 Willow Lane,['Haley'],Yes,Winter 11,"['All Universal Loves', 'Amethyst', 'Aquamarine', 'Cloth', 'Emerald', 'Jade', 'Parrot Egg', 'Ruby', 'Survival Burger', 'Topaz', 'Wool']","['All Universal Likes (except Fish Taco,  Fried Eel, Ice Cream, Maki Roll, Rice Pudding, Salmon Dinner, Spicy Eel, & Sashimi)', 'Daffodil', 'Quartz']","['All Universal Neutrals (except Wool)All Eggs (except Void Egg)*All Fruit (except Fruit Tree Fruit & Salmonberry)All Milk', 'Chanterelle', 'Common Mushroom', 'Dandelion', 'Ginger', 'Hazelnut', 'Leek', 'Magma Cap', 'Morel', 'Purple Mushroom', 'Snow Yam', 'Wild Horseradish', 'Winter Root']","['All Universal Dislikes (except Parrot Egg)', 'Fried Eel', 'Ice Cream', 'Rice Pudding', 'Salmonberry', 'Spicy Eel']","['All Universal Hates', 'Fish Taco', 'Holly', 'Maki Roll', 'Salmon Dinner', 'Sashimi']"
Evelyn,Winter,20,Pelican Town,1 River Road,"['George', 'Alex']",No,The 2nd of each seasonThe 23rd of each season (with George),"['All Universal Loves', 'Beet', 'Chocolate Cake', 'Diamond', 'Fairy Rose', 'Stuffing', 'Tulip', 'Raisins']","['All Universal Likes (except Fried Eel,  Garlic, Maki Roll, Sashimi, Spicy Eel, & Trout Soup)All Milk', 'Broken Glasses', 'Daffodil']","['All Universal Neutrals (except Clam & Coral)All Eggs (except Void Egg)*All Fruit (except Fruit Tree Fruit, Salmonberry, & Spice Berry)', 'Chanterelle', 'Common Mushroom', 'Dandelion', 'Ginger', 'Hazelnut', 'Leek', 'Magma Cap', 'Morel', 'Purple Mushroom', 'Snow Yam', 'Winter Root']","['All Universal Dislikes (except Clay & Fish)', 'Quartz', 'Wild Horseradish']","['All Universal Hates (Except Broken Glasses)All Fish', 'Clam', 'Clay', 'Coral', 'Fried Eel', 'Garlic', 'Holly', 'Maki Roll', 'Salmonberry', 'Sashimi', 'Spice Berry', 'Spicy Eel', 'Trout Soup']"
George,Fall,24,Pelican Town,1 River Road,"['Evelyn', 'Alex']",No,The 23rd of each season,"['All Universal Loves', 'Fried Mushroom', 'Leek']","['All Universal Likes (except Flowers)', 'Daffodil']","['All Universal NeutralsAll Eggs (except Void Egg)*All Fruit (except Fruit Tree Fruit & Salmonberry)All Milk', 'Chanterelle', 'Common Mushroom', 'Ginger', 'Hazelnut', 'Magma Cap', 'Morel', 'Purple Mushroom', 'Snow Yam', 'Winter Root']","['All Universal Dislikes (except Clay)All Flowers (except Poppy)', 'Salmonberry', 'Wild Horseradish']","['All Universal Hates', 'Clay', 'Dandelion', 'Holly', 'Quartz']"
Gus,Summer,8,Pelican Town,The Stardrop Saloon,[],No,Fall 4,"['All Universal Loves', 'Diamond', 'Escargot', 'Fish Taco', 'Orange', 'Tropical Curry']","['All Universal Likes (except Coleslaw)', 'Daffodil']","['All Universal Neutrals (except Clam)All Eggs (except Void Egg)*All Fruit (except Fruit Tree Fruit & Salmonberry)All Milk', 'Chanterelle', 'Common Mushroom', 'Dandelion', 'Ginger', 'Hazelnut', 'Leek', 'Magma Cap', 'Morel', 'Purple Mushroom', 'Snow Yam', 'Winter Root']","['All Universal Dislikes', 'Clam', 'Salmonberry', 'Wild Horseradish']","['All Universal Hates', 'Coleslaw', 'Holly', 'Quartz']"
Haley,Spring,14,Pelican Town,2 Willow Lane,['Emily'],Yes,Winter 9,"['All Universal Loves (except Prismatic Shard)', 'Coconut', 'Fruit Salad', 'Pink Cake', 'Sunflower']","['All Universal Likes (except Vegetables)', 'Daffodil']",['All Universal Neutrals (except Mystic Syrup)'],"['All Universal Dislikes (except Clay  & Fish)All Eggs*All Fruit (except Coconut)All MilkAll Vegetables (except Hops, Tea Leaves, & Wheat)', 'Chanterelle', 'Common Mushroom', 'Dandelion', 'Ginger', 'Hazelnut', 'Holly', 'Leek', 'Magma Cap', 'Morel', 'Mystic Syrup', 'Purple Mushroom', 'Quartz', 'Snow Yam', 'Winter Root']","['All Universal HatesAll Fish', 'Clay', 'Prismatic Shard', 'Wild Horseradish']"
Harvey,Winter,14,Pelican Town,Medical Clinic,[],Yes,Never,"['All Universal Loves', 'Coffee', 'Pickles', 'Super Meal', 'Truffle Oil', 'Wine']","['All Universal Likes (except Cheese,  Goat Cheese, and the following cooked dishes:  Blueberry Tart, Chocolate Cake, Cookie, Cranberry Sauce, Fried Mushroom, Glazed Yams, Hashbrowns, Ice Cream, Pancakes, Pink Cake, Pizza, Rhubarb Pie, & Rice Pudding)All Fruit (except Salmonberry & Spice Berry)', 'Chanterelle', 'Common Mushroom', 'Daffodil', 'Dandelion', 'Duck Egg', 'Duck Feather', 'Ginger', 'Goat Milk', 'Hazelnut', 'Holly', 'Large Goat Milk', 'Leek', 'Magma Cap', 'Morel', 'Purple Mushroom', 'Quartz', 'Snow Yam', 'Spring Onion', 'Wild Horseradish', 'Winter Root']","['All Universal Neutrals (except Clam, Duck Feather, Bread, Coral, Nautilus Shell, & Rainbow Shell)All Eggs (except Duck Egg & Void Egg)*', 'Large Milk', 'Milk']","['All Universal Dislikes (except Spring Onion)', 'Blueberry Tart', 'Bread', 'Cheese', 'Chocolate Cake', 'Clam', 'Cookie', 'Cranberry Sauce', 'Fried Mushroom', 'Glazed Yams', 'Goat Cheese', 'Hashbrowns', 'Ice Cream', 'Pancakes', 'Pink Cake', 'Pizza', 'Rhubarb Pie', 'Rice Pudding']","['All Universal Hates', 'Coral', 'Nautilus Shell', 'Rainbow Shell', 'Salmonberry', 'Spice Berry']"
Jas,Summer,4,Cindersap Forest,Marnie's Ranch,"['Marnie', 'Shane']",No,Winter 18,"['All Universal Loves', 'Fairy Box', 'Fairy Rose', 'Pink Cake', 'Plum Pudding']","['All Universal Likes (except Piña Colada, Triple Shot Espresso, Vegetables and Artisan Goods other than Honey, Jelly, & Oil)', 'Coconut', 'Daffodil']",['All Universal NeutralsAll Milk'],"['All Universal Dislikes (except Clay)All Eggs*All Fruit (except Coconut & Fruit Tree Fruit)All Vegetables (except Hops & Wheat)', 'Chanterelle', 'Common Mushroom', 'Dandelion', 'Ginger', 'Hazelnut', 'Holly', 'Leek', 'Magma Cap', 'Morel', 'Purple Mushroom', 'Quartz', 'Snow Yam', 'Winter Root']","['All Universal HatesAll Artisan Goods (except Honey, Jelly & Oil)', 'Clay', 'Piña Colada', 'Triple Shot Espresso', 'Wild Horseradish']"
Jodi,Fall,11,Pelican Town,1 Willow Lane,"['Kent', 'Sam', 'Vincent']",No,Spring 11 (with Vincent)Spring 18,"['All Universal Loves', 'Chocolate Cake', 'Crispy Bass', 'Diamond', 'Eggplant Parmesan', 'Fried Eel', 'Pancakes', 'Rhubarb Pie', 'Vegetable Medley']",['All Universal Likes (except Garlic)All Eggs (except Void Egg)*All Fruit (except Spice Berry)All Milk'],['All Universal Neutrals'],"['All Universal Dislikes', 'Chanterelle', 'Common Mushroom', 'Garlic', 'Ginger', 'Hazelnut', 'Holly', 'Leek', 'Magma Cap', 'Morel', 'Purple Mushroom', 'Quartz', 'Snow Yam', 'Wild Horseradish', 'Winter Root']","['All Universal Hates', 'Daffodil', 'Dandelion', 'Spice Berry']"
Kent,Spring,4,Pelican Town,1 Willow Lane,"['Jodi', 'Sam', 'Vincent']",No,Never,"['All Universal Loves', 'Fiddlehead Risotto', 'Roasted Hazelnuts']","['All Universal Likes (except Algae Soup, Piña Colada, Sashimi, & Tortilla)All Eggs (except Void Egg)*All Fruit', 'Daffodil', 'Dwarvish Safety Manual']","['All Universal Neutrals', 'Chanterelle', 'Common Mushroom', 'Dandelion', 'Ginger', 'Hazelnut', 'Leek', 'Magma Cap', 'Morel', 'Purple Mushroom', 'Wild Horseradish', 'Winter Root']","['All Universal Dislikes', 'Quartz', 'Snow Yam', 'Piña Colada']","['All Universal HatesAll Milk', 'Algae Soup', 'Holly', 'Sashimi', 'Tortilla']"
Leah,Winter,23,Cindersap Forest,Leah's Cottage,[],Yes,Spring 16,"['All Universal Loves', 'Goat Cheese', 'Poppyseed Muffin', 'Salad', 'Stir Fry', 'Truffle', 'Vegetable Medley', 'Wine']","['All Universal Likes (except:Foraged Minerals other than Earth CrystalGems other than Diamond & Prismatic ShardCarp Surprise, Cookie, Hashbrowns, Ice Cream, Pancakes, Pink Cake, Pizza, Rice Pudding, Survival Burger, & Tortilla)All Eggs (except Void Egg)*All FruitAll Milk', 'Chanterelle', 'Common Mushroom', 'Daffodil', 'Dandelion', 'Driftwood', 'Ginger', 'Hazelnut', 'Holly', 'Leek', 'Magma Cap', 'Morel', 'Purple Mushroom', 'Snow Yam', 'Spring Onion', 'Wild Horseradish', 'Winter Root']","['All Universal Neutrals (except Bread, Clam, Fried Egg, & Truffle)']","['All Universal Dislikes (except Driftwood, Spring Onion, & Void Egg)All Foraged Minerals (except Earth Crystal)All Gems (except Diamond & Prismatic Shard)', 'Carp Surprise', 'Clam', 'Cookie', 'Fried Egg', 'Ice Cream', 'Pink Cake', 'Rice Pudding', 'Seaweed', 'Survival Burger', 'Tortilla']","['All Universal Hates (except Seaweed)', 'Bread', 'Hashbrowns', 'Pancakes', 'Pizza', 'Void Egg']"
Lewis,Spring,7,Pelican Town,Mayor's Manor,[],No,Fall 9,"['All Universal Loves', ""Autumn's Bounty"", 'Glazed Yams', 'Green Tea', 'Hot Pepper', 'Vegetable Medley']","['All Universal Likes', 'Blueberry', 'Cactus Fruit', 'Coconut']","['All Universal NeutralsAll Eggs (except Void Egg)*All Fruit (except Blueberry, Cactus Fruit, Coconut, Fruit Tree Fruit, Hot Pepper, & Salmonberry)', 'Chanterelle', 'Common Mushroom', 'Daffodil', 'Dandelion', 'Ginger', 'Hazelnut', 'Leek', 'Magma Cap', 'Morel', 'Purple Mushroom', 'Snow Yam', 'Winter Root']","['All Universal DislikesAll Milk', 'Salmonberry', 'Wild Horseradish']","['All Universal Hates', 'Holly', 'Quartz']"
Linus,Winter,3,The Mountain,Tent,[],No,Never,"['All Universal Loves', 'Blueberry Tart', 'Cactus Fruit', 'Coconut', ""Dish O' The Sea"", 'The Alleyway Buffet', 'Yam']","['All Universal Likes (except Treasure Chest, Foraged Minerals, & Gems other than Diamond & Prismatic Shard)All Eggs (except Void Egg)*All MilkAll Fruit (except Cactus Fruit & Coconut)', 'Chanterelle', 'Common Mushroom', 'Daffodil', 'Dandelion', 'Ginger', 'Hazelnut', 'Holly', 'Leek', 'Magma Cap', 'Morel', 'Purple Mushroom', 'Snow Yam', 'Spring Onion', 'Wild Horseradish', 'Winter Root']","['All Universal NeutralsAll Fish (except Snail)', 'Wild Bait']","['All Universal Dislikes (except Fish & Spring Onion)All Foraged MineralsAll Gems (except Diamond & Prismatic Shard)', 'Treasure Chest*']",['All Universal Hates (except Carp and Wild Bait)']
Marnie,Fall,18,Cindersap Forest,Marnie's Ranch,"['Jas', 'Shane']",No,Fall 18Winter 18 (with Jas),"['All Universal Loves', 'Diamond', ""Farmer's Lunch"", 'Pink Cake', 'Pumpkin Pie']","['All Universal LikesAll Eggs (except Void Egg)*All Milk', 'Quartz', 'Stardew Valley Almanac']","['All Universal NeutralsAll Fruit (except Fruit Tree Fruit & Salmonberry)', 'Chanterelle', 'Common Mushroom', 'Daffodil', 'Dandelion', 'Ginger', 'Hazelnut', 'Leek', 'Magma Cap', 'Morel', 'Purple Mushroom', 'Snow Yam', 'Winter Root']","['All Universal Dislikes (except Clay)', 'Salmonberry', 'Seaweed', 'Wild Horseradish']","['All Universal Hates (except Seaweed)', 'Clay', 'Holly']"
Maru,Summer,10,The Mountain,24 Mountain Road,"['Demetrius', 'Robin', 'Sebastian']",Yes,Never,"['All Universal Loves', 'Battery Pack', 'Cauliflower', 'Cheese Cauliflower', 'Diamond', 'Dwarf Gadget', 'Gold Bar', 'Iridium Bar', ""Miner's Treat"", 'Pepper Poppers', 'Radioactive Bar', 'Rhubarb Pie', 'Strawberry']","['All Universal Likes (except Honey, Maple Syrup, & Pickles)', 'Chanterelle', 'Copper Bar', 'Iron Bar', 'Oak Resin', 'Pine Tar', 'Quartz', 'Radioactive Ore']","['All Universal Neutrals (except Truffle)All Eggs (except Void Egg)*All Fruit (except Blackberry, Crystal Fruit, Fruit Tree Fruit, Salmonberry, & Strawberry)All Milk', 'Daffodil', 'Dandelion', 'Ginger', 'Hazelnut', 'Leek', 'Magma Cap', 'Morel', 'Purple Mushroom', 'Wild Horseradish', 'Winter Root']","['All Universal Dislikes (except Battery Pack, Copper Bar, Dwarf Gadget, Gold Bar, Iridium Bar, Iron Bar, Oak Resin, & Pine Tar)', 'Blackberry', 'Common Mushroom', 'Crystal Fruit', 'Maple Syrup', 'Salmonberry']","['All Universal Hates (except Radioactive Bar & Radioactive Ore)', 'Holly', 'Honey', 'Pickles', 'Snow Yam', 'Truffle']"
Pam,Spring,18,Pelican Town,Trailer,['Penny'],No,Spring 25,"['All Universal Loves', 'Beer', 'Cactus Fruit', 'Glazed Yams', 'Mead', 'Pale Ale', 'Parsnip', 'Parsnip Soup', 'Piña Colada']","['All Universal LikesAll Fruit (except Cactus Fruit)All Milk', 'Daffodil']","['All Universal NeutralsAll Fish (except Carp, Octopus, Snail, & Squid)', 'Chanterelle', 'Common Mushroom', 'Dandelion', 'Ginger', 'Hazelnut', 'Joja Cola', 'Leek', 'Magma Cap', 'Morel', 'Purple Mushroom', 'Snow Yam', 'Winter Root']","['All Universal Dislikes (except Fish)All Eggs*', 'Quartz', 'Wild Horseradish']","['All Universal Hates (except Joja Cola)', 'Holly', 'Octopus', 'Squid']"
Penny,Fall,2,Pelican Town,Trailer,['Pam'],Yes,Winter 4,"[""All Universal Loves (except Rabbit's Foot)All Books"", 'Diamond', 'Emerald', 'Melon', 'Poppy', 'Poppyseed Muffin', 'Red Plate', 'Roots Platter', 'Sandfish', 'Tom Kha Soup']","['All Universal Likes (except Algae Soup, Beer, Mead, Pale Ale, Pale Broth, Piña Colada, Tom Kha Soup, & Wine)All MilkAll Artifacts', 'Dandelion', 'Leek']","['All Universal Neutrals (except Books, Duck Feather, Hops, & Wool)All Eggs (except Void Egg)*All Fruit (except Fruit Tree Fruit, Grape, Melon, & Salmonberry)', 'Chanterelle', 'Common Mushroom', 'Daffodil', 'Ginger', 'Hazelnut', 'Magma Cap', 'Morel', 'Snow Yam', 'Wild Horseradish', 'Winter Root']","['All Universal Dislikes (except  Artifacts and Sandfish)', 'Algae Soup', 'Duck Feather', 'Pale Broth', 'Purple Mushroom', 'Quartz', 'Red Mushroom', 'Salmonberry', 'Wool']","['All Universal Hates (except Poppy and Red Mushroom)', 'Beer', 'Grape', 'Holly', 'Hops', 'Mead', 'Pale Ale', 'Piña Colada', ""Rabbit's Foot"", 'Wine']"
Pierre,Spring,26,Pelican Town,Pierre's General Store,"['Caroline', 'Abigail']",No,Never,"['All Universal Loves', 'Fried Calamari', 'Price Catalogue']","['All Universal Likes (except Corn, Garlic, Foraged Minerals, Gems other than Diamond & Prismatic Shard, Parsnip Soup, & Tortilla)All Eggs (except Void Egg)*All Milk', 'Daffodil', 'Dandelion']",['All Universal NeutralsAll Fruit (except Fruit Tree Fruit & Salmonberry)'],"['All Universal Dislikes (except Fish)All Foraged MineralsAll Gems (other than Diamond & Prismatic Shard)', 'Chanterelle', 'Common Mushroom', 'Ginger', 'Hazelnut', 'Holly', 'Leek', 'Magma Cap', 'Morel', 'Salmonberry', 'Purple Mushroom', 'Snow Yam', 'Wild Horseradish', 'Winter Root']","['All Universal Hates (except Price Catalogue)All Fish', 'Corn', 'Garlic', 'Parsnip Soup', 'Tortilla']"
Robin,Fall,21,The Mountain,24 Mountain Road,"['Demetrius', 'Maru', 'Sebastian']",No,Summer 18,"['All Universal Loves', 'Goat Cheese', 'Peach', 'Spaghetti', ""Woody's Secret""]","['All Universal LikesAll MilkAll Fruit (except Peach)', 'Hardwood', 'Quartz', ""Woodcutter's Weekly""]","['All Universal NeutralsAll Eggs (except Void Egg)*', 'Chanterelle', 'Common Mushroom', 'Daffodil', 'Dandelion', 'Ginger', 'Hazelnut', 'Leek', 'Magma Cap', 'Morel', 'Purple Mushroom', 'Snow Yam', 'Winter Root']","['All Universal Dislikes (except Hardwood)', 'Wild Horseradish']","['All Universal Hates', 'Holly']"
Sandy,Fall,15,The Desert,Oasis,[],No,Never,"['All Universal Loves', 'Crocus', 'Daffodil', 'Mango Sticky Rice', 'Sweet Pea']","['All Universal LikesAll Fruit', 'Goat Milk', 'Large Goat Milk', 'Quartz', 'Wool']","['All Universal Neutrals (except Wool)All Eggs (except Void Egg)*', 'Chanterelle', 'Common Mushroom', 'Dandelion', 'Ginger', 'Hazelnut', 'Large Milk', 'Leek', 'Magma Cap', 'Milk', 'Morel', 'Purple Mushroom', 'Snow Yam', 'Wild Horseradish', 'Winter Root']",['All Universal Dislikes'],"['All Universal Hates', 'Holly']"
Sam,Summer,17,Pelican Town,1 Willow Lane,"['Kent', 'Jodi', 'Vincent']",Yes,Fall 11,"['All Universal Loves', 'Cactus Fruit', 'Maple Bar', 'Pizza', 'Tigerseye']","['All Universal Likes (except Duck Mayonnaise, Mayonnaise, Pickles, & Vegetables)All Eggs (except Void Egg)*', 'Joja Cola']","['All Universal Neutrals (except Clam)All Fruit (except Cactus Fruit, Fruit Tree Fruit, & Salmonberry)All Milk']","['All Universal Dislikes (except  Coal, Copper Bars, Gold Bars, Gold Ore, Iridium Bars, Iridium Ore, Iron Bars, Refined Quartz, & Tigerseye)All Vegetables (except Hops, Tea Leaves, & Wheat)', 'Chanterelle', 'Clam', 'Common Mushroom', 'Daffodil', 'Dandelion', 'Ginger', 'Hazelnut', 'Holly', 'Leek', 'Magma Cap', 'Morel', 'Purple Mushroom', 'Quartz', 'Salmonberry', 'Seaweed', 'Snow Yam', 'Wild Horseradish', 'Winter Root']","['All Universal Hates (except Joja Cola & Seaweed)', 'Coal', 'Copper Bar', 'Duck Mayonnaise', 'Gold Bar', 'Gold Ore', 'Iridium Bar', 'Iridium Ore', 'Iron Bar', 'Mayonnaise', 'Pickles', 'Refined Quartz']"
Sebastian,Winter,10,The Mountain,24 Mountain Road,"['Robin', 'Maru', 'Demetrius']",Yes,Summer 4,"['All Universal Loves', 'Frog Egg', 'Frozen Tear', 'Obsidian', 'Pumpkin Soup', 'Sashimi', 'Void Egg']","[""All Universal Likes (except Flowers, Complete Breakfast, Farmer's Lunch, Omelet, and Artisan Goods other than Coffee, Green Tea, and Oil)"", 'Combat Quarterly', 'Flounder', 'Monster Compendium', 'Quartz']","['All Universal NeutralsAll Fruit (except Fruit Tree Fruit & Salmonberry)All Fish (except Carp, Flounder, & Snail)All Milk']","['All Universal Dislikes (except Clay, Fish, Frog Egg, Obsidian, & Void Egg)All Flowers (except Poppy)', 'Chanterelle', 'Common Mushroom', 'Daffodil', 'Dandelion', 'Ginger', 'Hazelnut', 'Holly', 'Leek', 'Magma Cap', 'Morel', 'Purple Mushroom', 'Salmonberry', 'Snow Yam', 'Wild Horseradish', 'Winter Root']","['All Universal HatesAll Artisan Goods (except Coffee, Green Tea, & Oil)All Eggs (except Void Egg)*', 'Clay', 'Complete Breakfast', ""Farmer's Lunch"", 'Omelet', 'Piña Colada']"
Shane,Spring,20,Cindersap Forest,Marnie's Ranch,"['Marnie', 'Jas']",Yes,Never,"['All Universal Loves', 'Beer', 'Hot Pepper', 'Pepper Poppers', 'Pizza']",['All Universal Likes (except Pickles)All Eggs (except Void Egg)*All Fruit (except Hot Pepper)'],"['All Universal NeutralsAll Milk', 'Strange Bun']","['All Universal Dislikes', 'Chanterelle', 'Common Mushroom', 'Daffodil', 'Dandelion', 'Ginger', 'Hazelnut', 'Holly', 'Leek', 'Magma Cap', 'Morel', 'Purple Mushroom', 'Seaweed', 'Snow Yam', 'Wild Horseradish', 'Winter Root']","['All Universal Hates (except Seaweed)', 'Pickles', 'Quartz']"
Vincent,Spring,10,Pelican Town,1 Willow Lane,"['Jodi', 'Kent', 'Sam']",No,Spring 11,"['All Universal Loves', 'Cranberry Candy', 'Frog Egg', 'Ginger Ale', 'Grape', 'Pink Cake', 'Snail']","['All Universal Likes (except Triple Shot Espresso, Vegetables and Artisan Goods other than Honey, Jelly, & Oil)', 'Coconut', 'Daffodil']",['All Universal NeutralsAll Milk'],"['All Universal Dislikes (except Clay & Frog Egg)All Eggs*All Fruit (except Coconut, Grape, & Fruit Tree Fruit)All Vegetables (except Hops, Tea Leaves, & Wheat)', 'Chanterelle', 'Common Mushroom', 'Dandelion', 'Ginger', 'Hazelnut', 'Holly', 'Leek', 'Magma Cap', 'Morel', 'Purple Mushroom', 'Quartz', 'Snow Yam', 'Winter Root']","['All Universal Hates (except Snail)All Artisan Goods (except Honey, Jelly & Oil)', 'Clay', 'Piña Colada', 'Triple Shot Espresso', 'Wild Horseradish']"
Willy,Summer,24,The Beach,Fish Shop,[],No,Spring 9,"['All Universal Loves', 'Catfish', 'Gold Bar', 'Diamond', 'Iridium Bar', 'Jewels Of The Sea', 'Mead', 'Octopus', 'Pumpkin', 'Sea Cucumber', 'Sturgeon', ""The Art O' Crabbing""]","[""All Universal Likes (except Life Elixir, and All Cooking except for the fish dishes he is neutral towards: Dish O' The Sea, Maki Roll, & Sashimi; and the fish dishes he likes, shown below)."", 'Bait And Bobber', 'Quartz', 'Lingcod', 'Tiger Trout', 'Baked Fish', 'Carp Surprise', 'Chowder', 'Crab Cakes', 'Crispy Bass', 'Fish Stew', 'Fish Taco', 'Fried Calamari', 'Fried Eel', 'Lobster Bisque', 'Salmon Dinner', 'Seafoam Pudding', 'Trout Soup']","['All Universal NeutralsAll Eggs (except Void Egg)*All Fish (except Carp, Catfish, Lingcod, Octopus, Sea Cucumber, Snail, Sturgeon, & Tiger Trout)All Fruit (except Fruit Tree Fruit & Salmonberry)All Milk', ""Dish O' The Sea"", 'Maki Roll', 'Sashimi']","[""All Universal Dislikes (except Fish, Gold Bar, & Iridium Bar)All Cooking (except Baked Fish, Bread, Carp Surprise, Chowder, Crab Cakes, Crispy Bass, Dish O' The Sea, Fish Stew, Fish Taco, Fried Calamari, Fried Eel, Fried Egg, Lobster Bisque, Maki Roll, Salmon Dinner, Sashimi, Seafoam Pudding, Strange Bun, & Trout Soup)"", 'Chanterelle', 'Common Mushroom', 'Daffodil', 'Dandelion', 'Ginger', 'Hazelnut', 'Holly', 'Leek', 'Life Elixir', 'Magma Cap', 'Morel', 'Purple Mushroom', 'Salmonberry', 'Snow Yam', 'Wild Horseradish', 'Winter Root']",['All Universal Hates (except Seafoam Pudding)']
Wizard,Winter,17,Cindersap Forest,Wizard's Tower,[],No,Never,"['All Universal Loves', 'Book of Mysteries', 'Purple Mushroom', 'Solar Essence', 'Super Cucumber', 'Void Essence']","['All Universal LikesAll Geode MineralsAll Trinkets', 'Quartz']",['All Universal NeutralsAll Fruit (except Fruit Tree Fruit & Salmonberry)'],"['All Universal Dislikes (except Geode Minerals, Solar Essence, Void Essence, & Super Cucumber)All Eggs*All Milk', 'Chanterelle', 'Common Mushroom', 'Daffodil', 'Dandelion', 'Ginger', 'Hazelnut', 'Holly', 'Leek', 'Magma Cap', 'Morel', 'Salmonberry', 'Slime', 'Snow Yam', 'Wild Horseradish', 'Winter Root']",['All Universal Hates (except Slime)']
